{
  "animations": {
    "hurt": {
      "left": ["once", ["4-5,3"], 1],
      "right": ["once", ["4-5,4"], 1]
    }
  },
  "costumes": [
    {"category": "base", "name": "Fat Neil", "sheet": "base", "ow": 1},
    {"category": "s4e7", "name": "Coach", "sheet": "coach", "ow": 2},
    {"category": "s2e14", "name": "Duquesne", "sheet": "duquense", "ow": 3}
  ], 
  "name": "fatneil",
  "bbox": {
    "width": 14,
    "height": 37,
    "duck_height": 20,
    "x": 17,
    "y": 11
  },
  "offset": 6
}