{
  "animations": {
    "walk": {
      "left": ["loop", ["2-4,1"], 0.16],
      "right": ["loop", ["2-4,2"], 0.16]
    }
  },
  "costumes": [
    {"category": "base", "name": "Garrett Lambert", "sheet": "base", "ow": 1},
    {"category": "s3e13", "name": "Camo Jammies", "sheet": "jammies", "ow": 2},
    {"category": "s1e5", "name": "Creepy Alien", "sheet": "alien", "ow": 3}

  ], 
  "name": "garrett",
  "bbox": {
    "width": 14,
    "height": 43,
    "duck_height": 20,
    "x": 17,
    "y": 5
  },
  "offset": 2
}