{
  "animations": {
    "pull": {
      "left": ["loop", ["5-8,15"], 0.16],
      "right": ["loop", ["5-8,16"], 0.16]
    },
    "push": {
      "left": ["loop", ["1-4,15"], 0.16],
      "right": ["loop", ["1-4,16"], 0.16]
    },
    "walk": {
      "left": ["loop", ["2-5,1"], 0.16],
      "right": ["loop", ["2-5,2"], 0.16]
    }
  },
  "costumes": [
    {"category": "base", "name": "Leonard Rodriguez", "sheet": "base","ow": 1},
    {"category": "s3e19", "name": "Asylum", "sheet": "asylum", "ow": 2},
    {"category": "s2e24", "name": "Paintball", "sheet": "paintball", "ow": 3}
  ], 
  "name": "leonard",
  "bbox": {
    "width": 14,
    "height": 34,
    "duck_height": 20,
    "x": 17,
    "y": 14
  },
  "offset": 9
}