{
  "animations": {
    "dropwalk": {
      "left": ["loop", ["8-10,7"], 0.16],
      "right": ["loop", ["8-10,8"], 0.16]
    },
    "holdwalk": {
      "left": ["loop", ["2-4,5"], 0.16],
      "right": ["loop", ["2-4,6"], 0.16]
    },
    "throwwalk": {
      "left": ["loop", ["2-4,7"], 0.16],
      "right": ["loop", ["2-4,8"], 0.16]
    }
  },
  "costumes": [
    {"category": "base", "name": "Vice Dean Laybourne", "sheet": "base", "ow": 1},
    {"category": "s3e22", "name": "Ghost", "sheet": "ghost", "ow": 2},
    {"category": "s3e13", "name": "Going Through Some Stuff", "sheet": "stuff", "ow": 4},
    {"category": "s3e13", "name": "Pajamas", "sheet": "pajamas", "ow": 3}
  ], 
  "name": "vicedean",
  "bbox": {
    "width": 14,
    "height": 44,
    "duck_height": 20,
    "x": 17,
    "y": 4
  },
  "offset": 2
}